jz,jx,exact_energy,p,minimum,iterations,time,nfev
0,"[0.18026969 0.01947524 0.46321853 0.72493393 0.4202036  0.4854271
 0.01278081 0.48737161]","[0.94180665 0.85079509 0.72996447 0.10873607 0.89390417 0.85715425
 0.16508662 0.        ]",-0.6786121498126896,1,-0.6321657913944305,7872,24.489163160324097,10258
0,"[0.18026969 0.01947524 0.46321853 0.72493393 0.4202036  0.4854271
 0.01278081 0.48737161]","[0.94180665 0.85079509 0.72996447 0.10873607 0.89390417 0.85715425
 0.16508662 0.        ]",-0.6786121498126896,2,-0.6696224309835868,21173,118.5312910079956,25508
0,"[0.18026969 0.01947524 0.46321853 0.72493393 0.4202036  0.4854271
 0.01278081 0.48737161]","[0.94180665 0.85079509 0.72996447 0.10873607 0.89390417 0.85715425
 0.16508662 0.        ]",-0.6786121498126896,3,-0.6702300711980642,72897,576.0656094551086,83883
0,"[0.18026969 0.01947524 0.46321853 0.72493393 0.4202036  0.4854271
 0.01278081 0.48737161]","[0.94180665 0.85079509 0.72996447 0.10873607 0.89390417 0.85715425
 0.16508662 0.        ]",-0.6786121498126896,4,-0.6710416784099782,61287,580.0953106880188,69040
0,"[0.18026969 0.01947524 0.46321853 0.72493393 0.4202036  0.4854271
 0.01278081 0.48737161]","[0.94180665 0.85079509 0.72996447 0.10873607 0.89390417 0.85715425
 0.16508662 0.        ]",-0.6786121498126896,5,-0.6785945539192292,181543,2190.935329914093,200553
0,"[0.18026969 0.01947524 0.46321853 0.72493393 0.4202036  0.4854271
 0.01278081 0.48737161]","[0.94180665 0.85079509 0.72996447 0.10873607 0.89390417 0.85715425
 0.16508662 0.        ]",-0.6786121498126896,6,-0.6730664255518775,226612,3052.8327264785767,246915
0,"[0.18026969 0.01947524 0.46321853 0.72493393 0.4202036  0.4854271
 0.01278081 0.48737161]","[0.94180665 0.85079509 0.72996447 0.10873607 0.89390417 0.85715425
 0.16508662 0.        ]",-0.6786121498126896,7,-0.676335314463484,329381,5135.259499311447,356567
0,"[0.18026969 0.01947524 0.46321853 0.72493393 0.4202036  0.4854271
 0.01278081 0.48737161]","[0.94180665 0.85079509 0.72996447 0.10873607 0.89390417 0.85715425
 0.16508662 0.        ]",-0.6786121498126896,8,-0.6779687284779617,335697,5902.970547676086,360566
