,p,minimum,iterations,time,nfev,njev
0,1,-0.6321004629135132,33,20.8033230304718,106,94
0,2,-0.6700269,90,47.876577854156494,177,176
0,3,-0.6701030731201172,72,80.76987743377686,162,150
0,4,-0.6786094903945923,124,118.38402056694031,248,236
0,5,-0.6786056756973267,73,166.85658049583435,139,129
0,6,-0.67860615,105,218.14237070083618,151,150
0,7,-0.6786090135574341,87,281.44748854637146,177,166
0,8,-0.6786091327667236,146,344.5244288444519,225,214
