,p,minimum,iterations,time,nfev
0,1,-0.6321657913944305,7872,35.46028208732605,10258
0,2,-0.6696224309835868,21173,170.5131597518921,25508
0,3,-0.6702300711980642,72897,833.8987421989441,83883
0,4,-0.6710416784099782,61287,894.13822889328,69040
0,5,-0.6785945539192292,181543,3173.85866856575,200553
0,6,-0.6730664255518775,226612,4135.751530647278,246915
0,7,-0.676335314463484,329381,5595.6805646419525,356567
0,8,-0.6779687284779617,335697,8836.746730327606,360566
