jz,jx,exact_energy,p,minimum,iterations,time,nfev,njev
0,"[0.18026969 0.01947524 0.46321853 0.72493393 0.4202036  0.4854271
 0.01278081 0.48737161]","[0.9418067  0.8507951  0.7299645  0.10873608 0.89390415 0.85715425
 0.16508661 0.        ]",-0.6786121129989624,1,-0.6322007179260254,20,14.955342531204224,1952,1789
0,"[0.18026969 0.01947524 0.46321853 0.72493393 0.4202036  0.4854271
 0.01278081 0.48737161]","[0.9418067  0.8507951  0.7299645  0.10873608 0.89390415 0.85715425
 0.16508661 0.        ]",-0.6786121129989624,2,-0.6711525917053223,20,31.90740728378296,2662,2545
0,"[0.18026969 0.01947524 0.46321853 0.72493393 0.4202036  0.4854271
 0.01278081 0.48737161]","[0.9418067  0.8507951  0.7299645  0.10873608 0.89390415 0.85715425
 0.16508661 0.        ]",-0.6786121129989624,3,-0.67011964,20,50.04907417297363,2871,2739
0,"[0.18026969 0.01947524 0.46321853 0.72493393 0.4202036  0.4854271
 0.01278081 0.48737161]","[0.9418067  0.8507951  0.7299645  0.10873608 0.89390415 0.85715425
 0.16508661 0.        ]",-0.6786121129989624,4,-0.67861008644104,20,73.6808249950409,3832,3701
0,"[0.18026969 0.01947524 0.46321853 0.72493393 0.4202036  0.4854271
 0.01278081 0.48737161]","[0.9418067  0.8507951  0.7299645  0.10873608 0.89390415 0.85715425
 0.16508661 0.        ]",-0.6786121129989624,5,-0.6786106824874878,20,101.18232870101929,4444,4324
0,"[0.18026969 0.01947524 0.46321853 0.72493393 0.4202036  0.4854271
 0.01278081 0.48737161]","[0.9418067  0.8507951  0.7299645  0.10873608 0.89390415 0.85715425
 0.16508661 0.        ]",-0.6786121129989624,6,-0.6786105632781982,20,123.62258553504944,3801,3698
0,"[0.18026969 0.01947524 0.46321853 0.72493393 0.4202036  0.4854271
 0.01278081 0.48737161]","[0.9418067  0.8507951  0.7299645  0.10873608 0.89390415 0.85715425
 0.16508661 0.        ]",-0.6786121129989624,7,-0.6786112189292908,20,156.65929293632507,3868,3717
0,"[0.18026969 0.01947524 0.46321853 0.72493393 0.4202036  0.4854271
 0.01278081 0.48737161]","[0.9418067  0.8507951  0.7299645  0.10873608 0.89390415 0.85715425
 0.16508661 0.        ]",-0.6786121129989624,8,-0.6786104440689087,20,184.23114895820618,3742,3586
