jz,jx,exact_energy,p,minimum,iterations,time,nfev,njev
0,"[0.18026969 0.01947524 0.46321853 0.72493393 0.4202036  0.4854271
 0.01278081 0.48737161]","[0.9418067  0.8507951  0.7299645  0.10873608 0.89390415 0.85715425
 0.16508661 0.        ]",-0.6786121129989624,1,-0.6321004629135132,33,12.228646278381348,106,94
0,"[0.18026969 0.01947524 0.46321853 0.72493393 0.4202036  0.4854271
 0.01278081 0.48737161]","[0.9418067  0.8507951  0.7299645  0.10873608 0.89390415 0.85715425
 0.16508661 0.        ]",-0.6786121129989624,2,-0.6700269,90,24.221653699874878,177,176
0,"[0.18026969 0.01947524 0.46321853 0.72493393 0.4202036  0.4854271
 0.01278081 0.48737161]","[0.9418067  0.8507951  0.7299645  0.10873608 0.89390415 0.85715425
 0.16508661 0.        ]",-0.6786121129989624,3,-0.6701030731201172,72,42.08725643157959,162,150
0,"[0.18026969 0.01947524 0.46321853 0.72493393 0.4202036  0.4854271
 0.01278081 0.48737161]","[0.9418067  0.8507951  0.7299645  0.10873608 0.89390415 0.85715425
 0.16508661 0.        ]",-0.6786121129989624,4,-0.6786094903945923,124,60.958685874938965,248,236
0,"[0.18026969 0.01947524 0.46321853 0.72493393 0.4202036  0.4854271
 0.01278081 0.48737161]","[0.9418067  0.8507951  0.7299645  0.10873608 0.89390415 0.85715425
 0.16508661 0.        ]",-0.6786121129989624,5,-0.6786056756973267,73,83.36879301071167,139,129
0,"[0.18026969 0.01947524 0.46321853 0.72493393 0.4202036  0.4854271
 0.01278081 0.48737161]","[0.9418067  0.8507951  0.7299645  0.10873608 0.89390415 0.85715425
 0.16508661 0.        ]",-0.6786121129989624,6,-0.67860615,105,110.82175207138062,151,150
0,"[0.18026969 0.01947524 0.46321853 0.72493393 0.4202036  0.4854271
 0.01278081 0.48737161]","[0.9418067  0.8507951  0.7299645  0.10873608 0.89390415 0.85715425
 0.16508661 0.        ]",-0.6786121129989624,7,-0.6786090135574341,87,137.31014013290405,177,166
0,"[0.18026969 0.01947524 0.46321853 0.72493393 0.4202036  0.4854271
 0.01278081 0.48737161]","[0.9418067  0.8507951  0.7299645  0.10873608 0.89390415 0.85715425
 0.16508661 0.        ]",-0.6786121129989624,8,-0.6786091327667236,146,163.5381407737732,225,214
